player,position,team,age,birth_year,minutes_90s,cards_yellow,cards_red,cards_yellow_red,fouls,fouled,offsides,crosses,interceptions,tackles_won,pens_won,pens_conceded,own_goals,ball_recoveries,aerials_won,aerials_lost,aerials_won_pct
Aaron Mooy,MF,Australia,32-094,1990,4.0,1,0,0,4,1,0,10,3,6,0,0,0,35,2,3,40.0
Aaron Ramsey,MF,Wales,31-357,1990,3.0,1,0,0,3,3,0,5,0,0,0,0,0,19,0,2,0.0
Abdelhamid Sabiri,MF,Morocco,26-020,1996,2.0,1,0,0,2,3,0,1,5,1,0,0,0,7,2,2,50.0
Abdelkarim Hassan,DF,Qatar,29-112,1993,3.0,0,0,0,1,4,1,6,1,3,0,0,0,11,3,1,75.0
Abderrazak Hamdallah,FW,Morocco,32-001,1990,0.8,0,0,0,3,2,0,0,0,0,0,0,0,4,1,7,12.5
Abdessamad Ezzalzouli,FW,Morocco,21-001,2001,1.0,0,0,0,4,0,0,1,0,2,0,0,0,4,1,2,33.3
Abdou Diallo,DF,Senegal,26-228,1996,3.7,0,0,0,3,0,0,3,1,2,0,0,0,17,7,6,53.8
Abdul Fatawu Issahaku,FW,Ghana,18-285,2004,0.0,0,0,0,0,0,0,0,0,0,0,0,0,0,0,0,
Abdulaziz Hatem,MF,Qatar,32-051,1990,2.2,0,0,0,4,1,0,1,1,1,0,0,0,4,1,2,33.3
Abdulelah Al-Amri,DF,Saudi Arabia,25-337,1997,2.0,2,0,0,3,3,0,1,4,0,0,0,0,15,10,4,71.4
Abdulellah Al-Malki,MF,Saudi Arabia,28-068,1994,1.9,2,0,0,8,4,0,1,2,1,0,0,0,9,0,1,0.0
Abdullah Madu,DF,Saudi Arabia,29-156,1993,0.5,1,0,0,1,0,0,0,0,0,0,0,0,2,1,1,50.0
Abdulrahman Al-Aboud,MF,Saudi Arabia,27-200,1995,0.4,0,0,0,0,0,0,2,0,3,0,0,0,1,1,1,50.0
Abolfazl Jalali,DF,IR Iran,24-175,1998,0.2,1,0,0,1,4,0,2,0,0,0,0,0,3,0,0,
Achraf Dari,DF,Morocco,23-226,1999,2.1,1,0,0,2,1,0,0,5,0,0,0,0,10,5,5,50.0
Achraf Hakimi,DF,Morocco,24-044,1998,7.0,0,0,0,6,13,0,12,9,17,0,0,0,46,5,8,38.5
Adrien Rabiot,MF,France,27-259,1995,5.4,1,0,0,10,4,0,7,10,9,0,0,0,30,15,8,65.2
Agustín Canobbio,MF,Uruguay,24-078,1998,0.1,0,0,0,0,1,0,0,0,1,0,0,0,2,0,1,0.0
Ahmad Nourollahi,MF,IR Iran,29-319,1993,2.5,0,0,0,2,0,0,3,6,3,0,0,0,15,1,0,100.0
Ahmed Alaaeldin,FW,Qatar,29-321,1993,0.1,0,0,0,0,0,0,0,0,0,0,0,0,0,0,0,
Aimen Dahmen,GK,Tunisia,25-324,1997,3.0,0,0,0,0,0,0,0,0,0,0,0,0,3,0,0,
Ajdin Hrustic,MF,Australia,26-166,1996,0.7,0,0,0,1,2,0,1,1,0,0,0,0,3,0,2,0.0
Akram Afif,FW,Qatar,26-030,1996,3.0,1,0,0,2,6,1,13,0,0,0,0,0,14,1,1,50.0
Alan Franco,MF,Ecuador,24-119,1998,0.5,0,0,0,0,0,0,0,2,0,0,0,0,1,1,1,50.0
Alejandro Balde,DF,Spain,19-061,2003,1.4,0,0,0,2,1,0,2,0,6,0,0,0,10,0,2,0.0
Aleksandar Mitrović,FW,Serbia,28-093,1994,2.9,1,0,0,3,1,1,1,0,0,0,0,0,6,5,12,29.4
Alex Sandro,DF,Brazil,31-326,1991,2.1,0,0,0,3,2,0,4,3,3,0,0,0,16,3,1,75.0
Alex Telles,DF,Brazil,30-003,1992,0.7,0,0,0,1,0,0,3,0,2,0,0,0,1,1,1,50.0
Alexander Bah,DF,Denmark,25-009,1997,0.5,0,0,0,1,0,0,4,2,4,0,0,0,3,4,0,100.0
Alexander Djiku,DF,Ghana,28-131,1994,1.1,0,0,0,0,2,0,0,2,1,0,0,0,3,2,0,100.0
Alexis Mac Allister,MF,Argentina,23-359,1998,6.1,0,0,0,1,13,0,1,3,4,0,0,0,40,5,12,29.4
Alexis Vega,FW,Mexico,25-023,1997,2.1,0,0,0,2,6,4,6,1,0,0,0,0,16,1,5,16.7
Ali Abdi,DF,Tunisia,28-363,1993,2.1,1,0,0,5,0,1,5,4,5,0,0,0,17,9,5,64.3
Ali Al Hassan,MF,Saudi Arabia,25-289,1997,0.5,1,0,0,2,0,0,1,0,1,0,0,0,1,0,0,
Ali Al-Bulaihi,DF,Saudi Arabia,33-027,1989,2.4,1,0,0,1,1,0,0,3,2,0,0,0,5,3,3,50.0
Ali Assadalla,MF,Qatar,29-333,1993,0.3,0,0,0,0,0,0,0,0,0,0,0,0,1,0,0,
Ali Gholizadeh,MF,IR Iran,26-283,1996,2.2,0,0,0,3,1,2,4,3,0,0,0,0,21,0,1,0.0
Ali Karimi,MF,IR Iran,28-310,1994,1.1,0,0,0,4,1,0,2,3,3,0,0,0,6,3,2,60.0
Ali Maâloul,DF,Tunisia,32-351,1990,1.0,0,0,0,0,0,0,13,0,1,0,0,0,5,0,1,0.0
Alidu Seidu,DF,Ghana,22-197,2000,1.7,2,0,0,5,5,0,6,0,4,0,0,0,6,1,0,100.0
Alireza Beiranvand,GK,IR Iran,30-088,1992,1.2,0,0,0,0,0,0,0,0,0,0,0,0,0,0,0,
Alireza Jahanbakhsh,MF,IR Iran,29-129,1993,0.7,2,0,0,2,0,0,1,1,1,0,0,0,1,0,3,0.0
Alisson,GK,Brazil,30-077,1992,4.2,0,0,0,0,1,0,0,0,0,0,0,0,7,1,0,100.0
Alistair Johnston,DF,Canada,24-071,1998,3.0,1,0,0,5,3,0,8,2,3,0,0,0,16,4,2,66.7
Almoez Ali,FW,Qatar,26-121,1996,2.5,1,0,0,2,2,3,0,1,0,0,0,0,6,2,9,18.2
Alphonso Davies,MF,Canada,22-046,2000,3.0,1,0,0,4,4,1,10,3,1,0,0,0,14,3,2,60.0
Amadou Onana,MF,Belgium,21-124,2001,1.2,2,0,0,4,3,0,0,0,1,0,0,0,7,2,0,100.0
Anass Zaroury,FW,Morocco,22-041,2000,0.3,0,0,0,0,0,1,3,0,0,0,0,0,3,0,0,
Andre-Frank Zambo Anguissa,MF,Cameroon,27-032,1995,2.9,0,0,0,6,4,0,2,5,0,0,0,0,16,4,0,100.0
Andreas Christensen,DF,Denmark,26-252,1996,3.0,1,0,0,2,1,1,0,4,2,0,0,0,20,6,4,60.0
Andreas Cornelius,FW,Denmark,29-277,1993,1.0,1,0,0,4,2,0,1,0,0,0,0,0,2,11,8,57.9
Andreas Skov Olsen,FW,Denmark,22-354,1999,1.5,0,0,0,2,1,0,4,1,0,0,0,0,3,1,2,33.3
Andrej Kramarić,FW,Croatia,31-182,1991,5.3,0,0,0,1,4,2,6,0,2,0,0,0,18,0,4,0.0
Andries Noppert,GK,Netherlands,28-255,1994,5.3,0,0,0,0,0,0,0,0,0,0,0,0,4,0,0,
Andrija Živković,DF,Serbia,26-160,1996,2.3,0,0,0,2,4,0,8,3,3,0,0,0,11,2,2,50.0
André Ayew,MF,Ghana,33-001,1989,2.2,1,0,0,2,6,1,0,0,1,0,0,0,6,3,13,18.8
André Onana,GK,Cameroon,26-260,1996,0.9,0,0,0,0,0,0,0,0,0,0,0,0,1,0,0,
André Silva,FW,Portugal,27-042,1995,0.3,0,0,0,0,0,0,0,0,0,0,0,0,0,1,2,33.3
Andrés Guardado,MF,Mexico,36-081,1986,0.5,0,0,0,1,0,0,0,0,2,0,0,0,5,0,0,
Anis Ben Slimane,MF,Tunisia,21-277,2001,1.6,0,0,0,0,0,0,8,1,1,0,0,0,5,5,3,62.5
Ansu Fati,FW,Spain,20-048,2002,0.5,0,0,0,0,0,0,1,0,1,0,0,0,1,1,0,100.0
Ante Budimir,FW,Croatia,31-149,1991,0.6,0,0,0,4,2,0,0,0,1,0,0,0,0,2,4,33.3
Anthony Contreras,FW,Costa Rica,22-323,2000,1.4,1,0,0,1,1,0,1,1,2,0,0,0,4,5,6,45.5
Antoine Griezmann,MF,France,31-272,1991,6.0,1,0,0,3,9,3,40,8,8,0,0,0,34,5,4,55.6
Antoine Semenyo,FW,Ghana,22-345,2000,0.2,0,0,0,0,0,1,0,0,0,0,0,0,0,1,4,20.0
Antonee Robinson,DF,United States,25-132,1997,4.0,0,0,0,2,0,1,21,7,4,0,0,0,40,5,3,62.5
Antonio Rüdiger,DF,Germany,29-290,1993,3.0,0,0,0,0,3,1,0,0,1,0,0,0,20,6,1,85.7
Antony,FW,Brazil,22-297,2000,1.9,0,0,0,2,5,0,10,1,0,0,0,0,12,1,2,33.3
António Silva,DF,Portugal,19-049,2003,1.0,0,0,0,2,0,0,0,1,1,0,0,0,4,2,4,33.3
Ao Tanaka,MF,Japan,24-099,1998,1.9,0,0,0,1,1,0,2,3,1,0,0,0,9,3,1,75.0
Ardon Jasari,FW,Switzerland,20-141,2002,0.0,0,0,0,0,0,0,0,0,0,0,0,0,1,0,0,
Arkadiusz Milik,FW,Poland,28-293,1994,1.1,1,0,0,1,2,1,0,0,0,0,0,0,3,4,5,44.4
Artur Jędrzejczyk,DF,Poland,35-044,1987,0.2,0,0,0,0,0,0,0,0,0,0,0,0,0,0,0,
Asiri Haitham,FW,Saudi Arabia,21-268,2001,0.0,0,0,0,1,0,0,0,0,0,0,0,0,0,0,1,0.0
Assim Madibo,MF,Qatar,26-057,1996,1.7,1,0,0,1,1,0,0,2,3,0,0,0,15,1,0,100.0
Atiba Hutchinson,MF,Canada,39-313,1983,1.8,0,0,0,2,2,0,0,1,1,0,0,0,10,5,0,100.0
Aurélien Tchouaméni,MF,France,22-325,2000,6.9,1,0,0,8,10,0,3,14,4,0,1,0,44,5,2,71.4
Awer Mabil,MF,Australia,27-094,1995,0.3,0,0,0,0,0,0,0,1,0,0,0,0,2,0,2,0.0
Axel Disasi,DF,France,24-282,1998,1.0,0,0,0,0,1,0,2,3,2,0,0,0,4,4,0,100.0
Axel Witsel,MF,Belgium,33-340,1989,3.0,0,0,0,5,4,0,0,4,2,0,0,0,12,4,2,66.7
Ayase Ueda,FW,Japan,24-099,1998,0.5,0,0,0,1,0,0,0,0,0,0,0,0,3,1,0,100.0
Aymeric Laporte,DF,Spain,28-205,1994,3.3,1,0,0,3,2,0,0,3,0,0,0,0,17,5,3,62.5
Aziz Behich,DF,Australia,32-002,1990,4.0,1,0,0,3,3,0,5,3,3,0,0,0,22,2,2,50.0
Azzedine Ounahi,MF,Morocco,22-243,2000,6.3,1,0,0,3,13,1,3,7,8,0,0,0,38,1,3,25.0
Aïssa Laïdouni,MF,Tunisia,26-005,1996,2.7,1,0,0,3,6,0,3,4,3,0,0,0,25,3,1,75.0
Baba Rahman,DF,Ghana,28-169,1994,2.0,0,0,0,7,1,0,11,1,3,0,0,0,6,2,4,33.3
Badr Banoun,DF,Morocco,29-079,1993,0.6,0,0,0,2,0,0,0,1,0,0,0,0,2,0,1,0.0
Bailey Wright,DF,Australia,30-143,1992,0.2,0,0,0,0,0,0,0,0,0,0,0,0,0,1,3,25.0
Bamba Dieng,FW,Senegal,22-270,2000,1.1,0,0,0,5,3,0,1,0,1,0,0,0,4,2,8,20.0
Bartosz Bereszyński,DF,Poland,30-159,1992,3.8,1,0,0,5,3,0,4,2,2,0,0,0,15,4,2,66.7
Bassam Al-Rawi,DF,Qatar,25-002,1997,1.0,0,0,0,1,2,0,0,0,0,0,0,0,3,1,0,100.0
Ben Davies,DF,Wales,29-238,1993,2.6,0,0,0,1,3,0,0,1,2,0,0,0,20,7,4,63.6
Benjamin Pavard,DF,France,26-265,1996,1.0,0,0,0,0,0,0,1,1,0,0,0,0,5,0,0,
Bernardo Silva,MF,Portugal,28-130,1994,4.0,0,0,0,1,2,0,5,2,2,0,0,0,32,1,2,33.3
Bilal El Khannous,MF,Morocco,18-222,2004,0.6,0,0,0,0,1,0,0,0,0,0,0,0,0,0,1,0.0
Borna Barišić,DF,Croatia,30-038,1992,1.3,1,0,0,5,2,0,11,0,1,0,0,0,3,6,2,75.0
Borna Sosa,DF,Croatia,24-331,1998,4.7,0,0,0,4,2,0,21,2,6,0,0,0,14,4,4,50.0
Boualem Khoukhi,DF,Qatar,32-162,1990,3.0,0,0,0,1,5,0,0,3,2,0,0,0,16,6,7,46.2
Boulaye Dia,FW,Senegal,26-032,1996,3.5,1,0,0,3,3,2,1,1,0,0,0,0,7,5,7,41.7
Brandon Aguilera,MF,Costa Rica,19-173,2003,1.0,0,0,0,2,2,1,1,1,0,0,0,0,8,2,1,66.7
Breel Embolo,FW,Switzerland,25-307,1997,3.6,0,0,0,3,12,2,0,0,0,0,0,0,6,2,8,20.0
Brenden Aaronson,MF,United States,22-057,2000,1.2,0,0,0,3,3,0,3,1,2,0,0,0,9,0,1,0.0
Brennan Johnson,FW,Wales,21-209,2001,1.0,0,0,0,2,1,0,1,0,0,0,0,0,3,0,2,0.0
Bruno Fernandes,FW,Portugal,28-101,1994,4.0,1,0,0,2,8,1,26,2,3,0,0,0,23,2,8,20.0
Bruno Guimarães,MF,Brazil,25-032,1997,0.8,1,0,0,2,2,0,3,0,0,0,0,0,6,1,0,100.0
Bruno Petković,FW,Croatia,28-093,1994,2.6,1,0,0,3,11,0,1,0,4,0,0,0,9,8,13,38.1
Bryan Mbeumo,FW,Cameroon,23-133,1999,2.6,0,0,0,1,8,0,12,1,0,0,0,0,7,5,9,35.7
Bryan Oviedo,DF,Costa Rica,32-303,1990,2.9,0,0,0,2,4,1,2,3,5,0,0,0,14,2,0,100.0
Bryan Ruiz,MF,Costa Rica,37-122,1985,0.3,0,0,0,0,1,0,0,0,1,0,0,0,1,2,2,50.0
Bukayo Saka,FW,England,21-104,2001,3.2,0,0,0,7,6,2,5,2,4,1,0,0,13,1,1,50.0
Callum Wilson,FW,England,30-294,1992,0.5,0,0,0,0,2,0,0,0,0,0,0,0,3,1,0,100.0
Cameron Carter-Vickers,DF,United States,24-352,1997,1.0,0,0,0,0,1,0,0,0,0,0,0,0,4,4,4,50.0
Carlos Gruezo,MF,Ecuador,27-243,1995,0.5,0,0,0,0,0,0,0,0,2,0,0,0,2,0,1,0.0
Carlos Martínez,DF,Costa Rica,23-263,1999,0.5,0,0,0,1,0,0,0,1,1,0,0,0,3,1,0,100.0
Carlos Soler,MF,Spain,25-350,1997,1.0,0,0,0,0,1,0,3,0,0,0,0,0,3,0,1,0.0
Casemiro,MF,Brazil,30-298,1992,4.3,1,0,0,7,3,0,2,7,4,0,0,0,22,3,3,50.0
Celso Borges,MF,Costa Rica,34-205,1988,2.8,1,0,0,2,0,0,2,4,1,0,0,0,17,6,0,100.0
Charles De Ketelaere,FW,Belgium,21-283,2001,0.2,0,0,0,0,1,0,0,0,0,0,0,0,3,0,3,0.0
Charly Rodríguez,MF,Mexico,25-349,1997,0.4,0,0,0,1,1,0,1,0,0,0,0,0,6,0,1,0.0
Cheikhou Kouyaté,MF,Senegal,32-362,1989,0.8,0,0,0,1,1,0,2,2,0,0,0,0,5,1,2,33.3
Cho Guesung,FW,Korea Republic,24-327,1998,3.1,1,0,0,7,6,4,1,0,0,0,0,0,4,21,12,63.6
Cho Yumin,FW,Korea Republic,26-031,1996,0.0,0,0,0,0,0,0,0,0,0,0,0,0,0,0,0,
Chris Mepham,DF,Wales,25-043,1997,3.0,1,0,0,7,1,1,0,1,6,0,0,0,8,7,2,77.8
Christian Bassogog,MF,Cameroon,27-061,1995,0.3,1,0,0,0,1,0,2,1,0,0,0,0,2,0,0,
Christian Eriksen,MF,Denmark,30-307,1992,3.0,0,0,0,2,1,0,30,0,0,0,0,0,30,0,4,0.0
Christian Fassnacht,FW,Switzerland,29-037,1993,0.1,0,0,0,0,0,0,0,0,0,0,0,0,2,0,0,
Christian Nørgaard,MF,Denmark,28-283,1994,0.1,0,0,0,0,0,0,0,0,0,0,0,0,2,0,0,
Christian Pulisic,FW,United States,24-091,1998,3.5,0,0,0,2,11,1,31,0,0,0,0,0,11,2,4,33.3
Christopher Wooh,DF,Cameroon,21-091,2001,1.0,0,0,0,2,0,0,0,1,0,0,0,0,0,0,0,
Cody Gakpo,FW,Netherlands,23-225,1999,5.0,0,0,0,8,5,3,33,3,2,0,0,0,19,5,5,50.0
Collins Fai,DF,Cameroon,30-127,1992,3.0,2,0,0,4,4,0,13,4,2,0,0,0,21,1,1,50.0
Connor Roberts,DF,Wales,27-086,1995,2.2,0,0,0,0,1,0,7,1,3,0,0,0,8,1,1,50.0
Craig Goodwin,MF,Australia,31-002,1991,2.6,0,0,0,1,2,0,18,0,3,0,0,0,14,1,5,16.7
Cristian Romero,DF,Argentina,24-235,1998,6.1,2,0,0,12,3,0,0,4,3,0,0,0,35,12,8,60.0
Cristiano Ronaldo,FW,Portugal,37-316,1985,3.2,0,0,0,2,5,7,2,0,0,1,0,0,6,8,4,66.7
Cyle Larin,FW,Canada,27-245,1995,1.5,0,0,0,2,0,2,3,0,0,0,0,0,4,2,1,66.7
César Azpilicueta,DF,Spain,33-112,1989,1.5,0,0,0,2,0,0,3,1,0,0,0,0,5,2,2,50.0
César Montes,DF,Mexico,25-297,1997,3.0,0,0,0,4,0,0,0,2,3,0,0,0,13,7,5,58.3
Daichi Kamada,FW,Japan,26-135,1996,3.6,0,0,0,1,1,3,5,0,3,0,0,0,10,3,2,60.0
Daizen Maeda,FW,Japan,25-059,1997,2.0,0,0,0,2,3,2,0,3,2,0,0,0,4,1,6,14.3
Daley Blind,DF,Netherlands,32-284,1990,4.7,0,0,0,3,1,0,6,5,9,0,0,0,24,5,7,41.7
Damian Szymański,MF,Poland,27-185,1995,0.3,0,0,0,0,0,0,0,1,0,0,0,0,0,0,0,
Dani Alves,DF,Brazil,39-226,1983,1.3,0,0,0,5,2,0,6,2,4,0,0,0,9,1,1,50.0
Dani Carvajal,DF,Spain,30-341,1992,1.5,0,0,0,0,1,0,0,2,1,0,0,0,9,0,1,0.0
Dani Olmo,FW,Spain,24-225,1998,4.1,0,0,0,5,6,2,10,1,3,0,0,0,15,0,4,0.0
Daniel Amartey,DF,Ghana,27-362,1994,2.8,2,0,0,3,1,0,0,3,4,0,0,0,15,5,4,55.6
Daniel Chacón,MF,Costa Rica,21-251,2001,0.0,0,0,0,0,0,0,0,0,0,0,0,0,0,1,0,100.0
Daniel James,FW,Wales,25-038,1997,1.7,1,0,0,1,2,0,4,0,1,0,0,0,4,0,1,0.0
Daniel Kyereh,MF,Ghana,26-285,1996,0.4,0,0,0,0,0,0,5,0,2,0,0,0,3,0,1,0.0
Danilo,DF,Brazil,31-156,1991,3.1,1,0,0,3,1,0,8,3,2,0,0,0,17,4,1,80.0
Danilo Pereira,DF,Portugal,31-100,1991,1.0,1,0,0,1,2,0,0,3,2,0,0,0,4,5,1,83.3
Danny Ward,GK,Wales,29-179,1993,1.0,0,0,0,0,0,0,0,0,0,0,0,0,2,0,0,
Darko Lazović,DF,Serbia,32-094,1990,0.3,0,0,0,0,1,0,1,0,0,0,0,0,0,0,0,
Darwin Núñez,FW,Uruguay,23-177,1999,2.7,1,0,0,2,3,0,4,0,2,0,0,0,6,5,10,33.3
David Raum,DF,Germany,24-240,1998,2.7,0,0,0,5,3,1,24,7,3,1,0,0,12,5,3,62.5
David Wotherspoon,MF,Canada,32-336,1990,0.2,0,0,0,0,1,0,1,0,0,0,0,0,3,0,0,
Davy Klaassen,MF,Netherlands,29-300,1993,2.1,0,0,0,1,3,0,2,1,2,0,0,0,14,2,2,50.0
Dayot Upamecano,DF,France,24-052,1998,5.3,0,0,0,4,3,0,0,6,7,0,1,0,33,7,7,50.0
DeAndre Yedlin,DF,United States,29-162,1993,0.4,0,0,0,2,0,0,4,0,1,0,0,0,1,1,0,100.0
Declan Rice,MF,England,23-338,1999,4.6,0,0,0,3,2,0,4,11,5,0,0,0,29,3,3,50.0
Dejan Lovren,DF,Croatia,33-166,1989,6.7,1,0,0,2,5,1,3,6,2,0,0,0,31,17,6,73.9
Denis Odoi,DF,Ghana,34-205,1988,0.1,0,0,0,0,0,0,0,0,0,0,0,0,0,0,4,0.0
Denis Zakaria,MF,Switzerland,26-028,1996,0.7,0,0,0,1,2,0,0,3,0,0,0,0,5,1,2,33.3
Denzel Dumfries,DF,Netherlands,26-244,1996,5.3,2,1,1,17,7,2,8,7,5,0,1,0,16,9,10,47.4
Devis Epassy,GK,Cameroon,29-319,1993,2.0,0,0,0,0,1,0,0,0,0,0,0,0,1,2,0,100.0
Diego Godín,DF,Uruguay,36-305,1986,1.7,0,0,0,0,1,0,0,1,0,0,0,0,6,8,2,80.0
Diogo Costa,GK,Portugal,23-090,1999,5.0,0,0,0,0,0,0,0,0,0,0,0,0,9,0,1,0.0
Diogo Dalot,DF,Portugal,23-275,1999,2.9,0,0,0,1,1,0,9,2,6,0,0,0,13,6,3,66.7
Djibril Sow,MF,Switzerland,25-315,1997,2.9,0,0,0,2,7,0,1,2,1,0,0,0,9,1,2,33.3
Djorkaeff Reasco,FW,Ecuador,23-334,1999,0.3,0,0,0,1,0,0,0,0,0,0,0,0,1,0,0,
Dominik Livaković,GK,Croatia,27-343,1995,7.7,1,0,0,1,0,0,0,0,0,0,1,0,11,1,0,100.0
Dries Mertens,MF,Belgium,35-226,1987,0.8,0,0,0,0,0,0,5,0,0,0,0,0,2,0,0,
Dušan Tadić,MF,Serbia,34-028,1988,2.9,0,0,0,7,4,1,17,1,2,0,0,0,10,0,0,
Dušan Vlahović,FW,Serbia,22-324,2000,0.9,0,0,0,0,2,0,0,0,0,0,0,0,3,2,2,50.0
Dylan Bronn,DF,Tunisia,27-182,1995,1.8,0,0,0,1,1,0,0,0,2,0,0,0,7,2,4,33.3
Eden Hazard,MF,Belgium,31-345,1991,1.4,0,0,0,0,7,0,1,1,0,0,0,0,7,1,1,50.0
Ederson,GK,Brazil,29-123,1993,1.0,0,0,0,0,0,0,0,0,0,0,0,0,2,0,0,
Edimilson Fernandes,FW,Switzerland,26-247,1996,1.6,0,0,0,1,1,1,5,2,1,0,0,0,14,0,1,0.0
Edinson Cavani,FW,Uruguay,35-307,1987,1.4,1,0,0,0,1,1,0,0,0,0,0,0,6,2,1,66.7
Edouard Mendy,GK,Senegal,30-292,1992,4.0,0,0,0,0,0,0,0,0,0,0,0,0,4,3,1,75.0
Edson Álvarez,MF,Mexico,25-055,1997,1.9,1,0,0,4,1,1,0,4,2,0,0,0,10,11,5,68.8
Eduardo Camavinga,DF,France,20-038,2002,1.6,0,0,0,2,8,0,2,3,9,0,0,0,15,2,0,100.0
Ehsan Hajsafi,MF,IR Iran,32-296,1990,2.6,0,0,0,1,3,0,11,2,3,0,0,0,10,2,0,100.0
Ellyes Skhiri,MF,Tunisia,27-222,1995,3.0,0,0,0,3,2,0,2,7,3,0,0,0,18,1,0,100.0
Emiliano Martínez,GK,Argentina,30-107,1992,7.7,1,0,0,0,1,0,0,0,0,0,0,0,4,2,0,100.0
Enner Valencia,FW,Ecuador,33-044,1989,2.8,0,0,0,3,7,2,3,1,0,1,0,0,8,2,8,20.0
Enzo Ebosse,DF,Cameroon,23-282,1999,1.0,0,0,0,0,0,0,0,0,2,0,0,0,1,2,0,100.0
Enzo Fernández,MF,Argentina,21-335,2001,6.3,1,0,0,7,6,0,2,3,15,0,0,1,39,9,3,75.0
Eray Cömert,DF,Switzerland,24-317,1998,0.5,1,0,0,3,1,0,0,2,0,0,0,0,4,0,0,
Eric Dier,DF,England,28-337,1994,0.4,0,0,0,1,0,0,0,0,1,0,0,0,3,1,1,50.0
Eric Maxim Choupo-Moting,FW,Cameroon,33-270,1989,2.8,0,0,0,0,1,1,0,1,2,0,0,0,8,11,6,64.7
Erick Gutiérrez,MF,Mexico,27-186,1995,0.5,1,0,0,2,3,0,0,2,1,0,0,0,3,1,0,100.0
Ethan Ampadu,MF,Wales,22-095,2000,2.8,0,0,0,5,3,0,2,4,3,0,0,0,16,3,5,37.5
Everton Ribeiro,MF,Brazil,33-252,1989,0.4,0,0,0,0,0,0,2,0,0,0,0,0,0,0,0,
Exequiel Palacios,MF,Argentina,24-074,1998,0.6,0,0,0,2,3,0,0,2,0,0,0,0,6,0,1,0.0
Fabian Frei,MF,Switzerland,33-344,1989,0.3,0,0,0,1,0,0,0,1,1,0,0,0,2,0,1,0.0
Fabian Rieder,FW,Switzerland,20-305,2002,0.8,1,0,0,4,2,0,1,0,2,0,0,0,4,0,1,0.0
Fabian Schär,DF,Switzerland,30-363,1991,1.5,2,0,0,1,2,0,0,2,1,0,0,0,7,4,4,50.0
Fabinho,MF,Brazil,29-056,1993,1.0,0,0,0,2,0,0,0,1,2,0,0,0,9,1,6,14.3
Facundo Pellistri,MF,Uruguay,20-363,2001,2.0,0,0,0,2,2,0,3,0,1,0,0,0,9,0,6,0.0
Famara Diedhiou,FW,Senegal,30-003,1992,1.0,0,0,0,2,2,1,0,0,0,0,0,0,3,5,4,55.6
Federico Valverde,MF,Uruguay,24-149,1998,3.0,0,0,0,6,2,0,7,5,4,0,0,0,19,1,3,25.0
Ferjani Sassi,MF,Tunisia,30-275,1992,0.5,1,0,0,1,1,0,0,1,0,0,0,0,5,2,0,100.0
Ferrán Torres,FW,Spain,22-292,2000,2.4,0,0,0,1,5,2,9,0,0,0,0,0,8,0,3,0.0
Filip Kostić,DF,Serbia,30-047,1992,2.0,0,0,0,3,1,2,16,0,3,0,0,0,12,0,0,
Filip Mladenović,DF,Serbia,31-125,1991,0.7,0,0,0,0,0,0,1,0,0,0,0,0,4,1,0,100.0
Filip Đuričić,MF,Serbia,30-322,1992,0.2,0,0,0,0,1,0,0,0,0,0,0,0,0,2,1,66.7
Firas Al-Buraikan,MF,Saudi Arabia,22-218,2000,3.0,0,0,0,2,3,1,2,2,3,0,0,0,7,5,7,41.7
Fodé Ballo-Touré,DF,Senegal,25-349,1997,0.1,0,0,0,0,0,0,2,0,0,0,0,0,0,1,0,100.0
Fran Karačić,DF,Australia,26-220,1996,1.0,0,0,0,3,0,0,5,2,1,0,0,0,9,4,4,50.0
Francisco Calvo,DF,Costa Rica,30-163,1992,2.0,2,0,0,6,0,1,0,2,4,0,0,0,12,2,1,66.7
Fred,MF,Brazil,29-288,1993,1.6,1,0,0,3,0,0,0,0,3,0,0,0,7,0,2,0.0
Frenkie de Jong,MF,Netherlands,25-220,1997,5.3,1,0,0,4,6,0,3,6,5,0,0,0,30,8,1,88.9
Félix Torres Caicedo,DF,Ecuador,25-341,1997,3.0,0,0,0,1,0,0,0,4,2,0,0,0,17,9,4,69.2
Gabriel Jesus,FW,Brazil,25-259,1997,1.0,0,0,0,1,4,0,1,2,1,0,0,0,2,1,1,50.0
Garang Kuol,FW,Australia,18-094,2004,0.4,0,0,0,1,0,0,0,1,0,0,0,0,0,1,2,33.3
Gareth Bale,FW,Wales,33-155,1989,2.5,1,0,0,2,5,2,2,1,1,1,0,0,9,4,7,36.4
Gavi,MF,Spain,18-135,2004,3.2,0,0,0,9,14,0,4,1,4,0,0,0,7,2,5,28.6
Gaël Ondoua,MF,Cameroon,27-044,1995,0.5,0,0,0,2,1,0,0,2,1,0,0,0,2,1,2,33.3
Georges-Kévin N'Koudou,FW,Cameroon,27-308,1995,0.3,0,0,0,1,1,0,2,0,0,0,0,0,3,0,1,0.0
Germán Pezzella,DF,Argentina,31-174,1991,0.7,1,0,0,2,2,0,0,0,0,0,0,0,1,0,6,0.0
Gerson Torres,MF,Costa Rica,25-112,1997,0.7,0,0,0,1,8,0,0,0,0,0,0,0,4,0,0,
Ghaylène Chaalali,MF,Tunisia,28-293,1994,0.2,0,0,0,1,0,0,0,2,0,0,0,0,2,1,0,100.0
Gideon Mensah,DF,Ghana,24-153,1998,1.0,0,0,0,0,0,0,1,2,1,0,0,0,4,4,2,66.7
Gio Reyna,FW,United States,20-035,2002,0.6,0,0,0,0,2,0,2,0,0,0,0,0,1,2,0,100.0
Giorgian De Arrascaeta,MF,Uruguay,28-200,1994,1.2,0,0,0,0,0,0,6,2,1,0,0,0,7,0,4,0.0
Gleison Bremer,DF,Brazil,25-275,1997,1.2,0,0,0,2,0,0,0,1,1,0,0,0,9,5,0,100.0
Gonzalo Montiel,DF,Argentina,25-351,1997,1.3,3,0,0,4,2,1,3,1,2,0,1,0,3,1,2,33.3
Gonzalo Plata,MF,Ecuador,22-047,2000,3.0,0,0,0,4,6,0,17,2,2,0,0,0,10,5,6,45.5
Gonçalo Ramos,FW,Portugal,21-181,2001,1.7,0,0,0,2,3,3,0,0,1,0,0,0,2,4,6,40.0
Granit Xhaka,MF,Switzerland,30-082,1992,4.0,1,0,0,5,4,0,0,2,4,0,0,0,21,7,5,58.3
Gregor Kobel,GK,Switzerland,25-012,1997,1.0,0,0,0,0,0,0,0,0,0,0,0,0,2,0,0,
Grzegorz Krychowiak,MF,Poland,32-323,1990,3.7,1,0,0,6,7,0,1,5,4,0,0,0,23,4,3,57.1
Guido Rodríguez,MF,Argentina,28-250,1994,0.6,0,0,0,0,0,0,0,0,0,0,0,0,2,1,0,100.0
Guillermo Ochoa,GK,Mexico,37-158,1985,3.0,0,0,0,0,1,0,0,0,0,0,0,0,7,0,0,
Guillermo Varela,DF,Uruguay,29-269,1993,2.0,0,0,0,3,8,0,7,3,2,0,0,0,8,1,2,33.3
Haji Wright,FW,United States,24-266,1998,1.5,0,0,0,1,3,1,1,0,0,0,0,0,4,6,7,46.2
Hakim Ziyech,FW,Morocco,29-274,1993,7.1,0,0,0,12,7,2,30,10,7,0,0,0,29,3,6,33.3
Hannibal Mejbri,MF,Tunisia,19-331,2003,0.1,0,0,0,0,0,0,0,1,0,0,0,0,1,0,0,
Haris Seferović,FW,Switzerland,30-299,1992,0.8,0,0,0,1,0,0,0,0,0,0,0,0,1,0,1,0.0
Harry Kane,FW,England,29-143,1993,4.5,0,0,0,1,9,0,6,0,1,0,0,0,16,9,13,40.9
Harry Maguire,DF,England,29-288,1993,4.8,1,0,0,6,2,1,1,4,3,0,0,0,17,15,5,75.0
Harry Souttar,DF,Australia,24-057,1998,4.0,0,0,0,1,1,0,0,6,0,0,0,0,17,14,7,66.7
Harry Wilson,MF,Wales,25-271,1997,1.8,0,0,0,1,2,0,9,1,2,0,0,0,10,1,2,33.3
Hassan Al Tambakti,DF,Saudi Arabia,23-312,1999,2.0,1,0,0,2,5,0,0,3,2,0,0,0,9,1,1,50.0
Hassan Al-Haydos,MF,Qatar,32-007,1990,2.3,0,0,0,4,0,1,4,2,1,0,0,0,12,0,2,0.0
Hattan Bahebri,MF,Saudi Arabia,30-155,1992,0.0,1,0,0,2,0,0,0,0,0,0,0,0,1,1,0,100.0
Henry Martín,FW,Mexico,30-030,1992,1.6,0,0,0,3,3,2,0,2,1,0,0,0,4,3,2,60.0
Hernán Galíndez,GK,Ecuador,35-263,1987,3.0,0,0,0,0,0,0,0,0,0,0,0,0,3,2,0,100.0
Hidemasa Morita,MF,Japan,27-222,1995,3.2,0,0,0,4,1,0,3,3,0,0,0,0,21,5,7,41.7
Hiroki Ito,DF,Japan,23-220,1999,0.5,0,0,0,3,0,0,0,0,0,0,0,0,2,1,0,100.0
Hiroki Sakai,MF,Japan,32-250,1990,1.3,0,0,0,3,1,0,2,1,4,0,0,0,6,3,8,27.3
Hirving Lozano,FW,Mexico,27-141,1995,2.8,0,0,0,7,11,2,24,0,2,0,0,0,14,1,10,9.1
Homam Ahmed,DF,Qatar,23-115,1999,2.9,1,0,0,5,8,0,5,2,2,0,0,0,14,5,2,71.4
Hong Chul,DF,Korea Republic,32-092,1990,0.5,0,0,0,0,0,0,2,1,0,0,0,0,2,1,0,100.0
Hossein Hosseini,GK,IR Iran,30-171,1992,1.8,0,0,0,0,0,0,0,0,0,0,0,0,0,1,1,50.0
Hossein Kanaanizadegan,DF,IR Iran,28-270,1994,0.5,1,0,0,0,1,0,0,1,0,0,0,0,1,0,0,
Hugo Lloris,GK,France,35-357,1986,6.3,0,0,0,0,1,0,0,0,0,0,0,0,5,3,0,100.0
Hwang Hee-chan,MF,Korea Republic,26-326,1996,1.3,1,0,0,3,3,0,3,0,1,0,0,0,7,0,1,0.0
Hwang In-beom,MF,Korea Republic,26-089,1996,3.7,0,0,0,7,3,0,6,3,3,0,0,0,22,2,5,28.6
Hwang Ui-jo,FW,Korea Republic,30-112,1992,1.2,0,0,0,0,0,0,0,0,0,0,0,0,3,1,12,7.7
Héctor Herrera,MF,Mexico,32-243,1990,1.8,1,0,0,4,1,0,4,3,3,0,0,0,7,6,2,75.0
Héctor Moreno,DF,Mexico,34-335,1988,3.0,1,0,0,3,3,0,0,1,1,0,1,0,14,5,8,38.5
Ibrahima Konaté,DF,France,23-207,1999,3.3,0,0,0,2,4,0,1,7,6,0,0,0,14,5,1,83.3
Idrissa Gana Gueye,MF,Senegal,33-083,1989,3.0,2,0,0,4,1,0,15,5,1,0,0,0,15,2,3,40.0
Ilias Chair,MF,Morocco,25-049,1997,0.5,0,0,0,0,0,0,2,0,0,0,0,0,2,0,0,
Iliman Ndiaye,FW,Senegal,22-287,2000,1.5,0,0,0,0,1,0,2,1,0,0,0,0,4,0,3,0.0
Ismail Jakobs,DF,Senegal,23-123,1999,3.1,1,0,0,3,6,0,18,4,0,0,0,0,9,8,3,72.7
Ismail Mohamad,FW,Qatar,32-257,1990,1.9,1,0,0,1,6,1,8,2,2,,,0,,,,
Ismaila Sarr,FW,Senegal,24-296,1998,3.8,0,0,0,3,17,3,8,2,2,1,0,0,17,8,8,50.0
Ismaël Koné,MF,Canada,20-195,2002,1.2,0,0,0,0,1,0,1,0,0,0,0,0,3,0,0,
Issam Jebali,FW,Tunisia,30-358,1991,2.0,0,0,0,10,2,1,2,0,3,0,0,0,8,2,15,11.8
Ivan Ilić,MF,Serbia,21-276,2001,0.4,0,0,0,0,0,0,0,1,0,0,0,0,3,1,0,100.0
Ivan Perišić,FW,Croatia,33-319,1989,7.4,0,0,0,10,0,3,27,7,4,0,0,0,31,17,14,54.8
Iñaki Williams,FW,Ghana,28-186,1994,3.0,0,0,0,4,3,1,1,0,2,0,0,0,9,1,3,25.0
Jack Grealish,FW,England,27-099,1995,1.0,0,0,0,0,10,0,0,3,1,0,0,0,6,0,2,0.0
Jackson Irvine,MF,Australia,29-286,1993,3.9,2,0,0,7,2,0,2,3,2,0,0,0,11,9,7,56.3
Jackson Porozo,DF,Ecuador,22-136,2000,1.1,0,0,0,1,2,1,0,3,2,0,0,0,2,1,0,100.0
Jakub Kamiński,MF,Poland,20-196,2002,2.6,0,0,0,5,2,0,4,0,1,0,0,0,17,0,5,0.0
Jakub Kiwior,DF,Poland,22-306,2000,3.9,1,0,0,1,0,0,0,4,1,0,0,0,11,3,4,42.9
Jamal Musiala,MF,Germany,19-295,2003,2.9,0,0,0,1,6,1,1,1,1,0,0,0,19,1,2,33.3
Jamie Maclaren,FW,Australia,29-142,1993,0.6,0,0,0,1,0,0,2,1,0,0,0,0,1,1,4,20.0
Jan Bednarek,DF,Poland,26-250,1996,0.1,0,0,0,0,0,0,0,0,0,0,0,0,1,0,0,
Jan Vertonghen,DF,Belgium,35-238,1987,3.0,0,0,0,0,6,0,0,5,0,0,0,0,15,11,5,68.8
Jason Cummings,FW,Australia,27-139,1995,0.4,0,0,0,0,0,0,0,0,0,0,0,0,1,0,1,0.0
Jawad El Yamiq,DF,Morocco,30-292,1992,3.4,0,0,0,1,4,0,0,5,2,0,0,0,20,6,1,85.7
Jean-Charles Castelletto,DF,Cameroon,27-326,1995,2.0,0,0,0,1,1,0,3,6,3,0,0,0,9,3,1,75.0
Jeong Woo-yeong,MF,Korea Republic,23-089,1999,0.5,0,0,0,1,0,0,1,0,0,0,0,0,1,0,0,
Jeremy Doku,MF,Belgium,20-205,2002,0.2,0,0,0,0,1,0,3,0,0,0,0,0,0,0,1,0.0
Jeremy Sarmiento,MF,Ecuador,20-185,2002,0.9,0,0,0,2,2,1,5,1,1,0,0,0,6,2,1,66.7
Jerome Ngom Mbekeli,MF,Cameroon,24-079,1998,0.1,0,0,0,0,0,0,2,0,0,0,0,0,0,1,0,100.0
Jesper Lindstrøm,MF,Denmark,22-292,2000,2.2,0,0,0,4,2,0,3,1,1,0,0,0,8,1,1,50.0
Jesús Ferreira,FW,United States,21-359,2000,0.5,0,0,0,0,1,0,0,0,0,0,0,0,1,0,0,
Jesús Gallardo,DF,Mexico,28-125,1994,3.0,0,0,0,4,1,0,9,1,5,0,0,0,14,1,0,100.0
Jewison Bennette,MF,Costa Rica,18-186,2004,1.1,0,0,0,0,2,2,2,0,0,0,0,0,4,0,2,0.0
Jhegson Méndez,MF,Ecuador,25-236,1997,2.0,2,0,0,3,2,0,2,1,2,0,0,0,16,2,2,50.0
Joachim Andersen,DF,Denmark,26-201,1996,3.0,0,0,0,3,4,0,1,0,2,0,0,0,15,10,8,55.6
Joakim Mæhle,DF,Denmark,25-212,1997,2.8,0,0,0,1,4,0,4,2,5,0,0,0,10,1,9,10.0
Joe Allen,MF,Wales,32-279,1990,1.0,0,0,0,0,2,0,0,1,1,0,0,0,9,0,1,0.0
Joe Morrell,MF,Wales,25-349,1997,0.4,0,0,0,1,1,0,0,1,2,0,0,0,4,0,1,0.0
Joe Rodon,DF,Wales,25-057,1997,3.0,1,0,0,3,0,0,0,4,2,0,0,0,10,5,6,45.5
Joel Campbell,FW,Costa Rica,30-175,1992,3.0,1,0,0,3,11,3,7,0,5,0,0,0,14,5,6,45.5
Johan Venegas,FW,Costa Rica,34-021,1988,0.8,0,0,0,1,1,2,1,0,0,0,0,0,1,0,2,0.0
John Stones,DF,England,28-204,1994,4.8,0,0,0,4,3,0,0,1,2,0,1,0,17,6,4,60.0
Jonas Hofmann,FW,Germany,30-157,1992,0.3,0,0,0,0,0,0,0,0,0,0,0,0,0,0,1,0.0
Jonathan David,FW,Canada,22-338,2000,2.1,0,0,0,0,1,0,0,0,1,0,0,0,5,1,2,33.3
Jonathan Osorio,MF,Canada,30-189,1992,1.3,1,0,0,1,2,0,0,1,1,0,0,0,5,0,1,0.0
Jordan Ayew,FW,Ghana,31-098,1991,1.5,0,0,0,2,5,0,8,1,3,0,0,0,8,0,5,0.0
Jordan Henderson,MF,England,32-184,1990,3.0,0,0,0,5,4,0,8,1,2,0,0,0,12,2,2,50.0
Jordan Morris,FW,United States,28-053,1994,0.0,0,0,0,0,0,0,2,0,0,0,0,0,0,0,1,0.0
Jordan Pickford,GK,England,28-286,1994,5.0,0,0,0,0,0,0,0,0,0,0,0,0,4,0,0,
Jordan Veretout,MF,France,29-292,1993,0.7,0,0,0,2,0,0,0,0,0,0,0,0,1,0,2,0.0
Jordi Alba,DF,Spain,33-272,1989,2.9,0,0,0,4,3,1,14,3,4,1,0,0,20,0,2,0.0
Jorge Eduardo Sánchez,DF,Mexico,25-008,1997,1.9,1,0,0,5,1,2,2,3,0,0,0,0,6,3,2,60.0
Josh Sargent,FW,United States,22-301,2000,1.7,0,0,0,2,0,0,1,1,0,0,0,0,1,3,6,33.3
Joshua Kimmich,MF,Germany,27-313,1995,3.0,1,0,0,2,2,0,21,3,2,0,0,0,19,4,1,80.0
Josip Juranović,DF,Croatia,27-124,1995,6.7,0,0,0,1,6,0,24,3,8,0,0,0,40,2,4,33.3
Josip Stanišić,DF,Croatia,22-260,2000,1.0,0,0,0,1,2,0,1,1,3,0,0,0,4,1,0,100.0
Josip Šutalo,DF,Croatia,22-293,2000,1.0,0,0,0,0,0,0,0,0,0,0,0,0,3,0,3,0.0
José Cifuentes,MF,Ecuador,23-281,1999,0.7,0,0,0,3,0,0,2,0,2,0,0,0,3,0,0,
José María Giménez,DF,Uruguay,27-332,1995,3.0,1,0,0,4,3,1,2,7,1,0,1,0,13,8,3,72.7
João Cancelo,DF,Portugal,28-205,1994,3.4,0,0,0,2,4,1,15,2,3,0,0,0,24,10,1,90.9
João Félix,FW,Portugal,23-038,1999,3.7,1,0,0,8,9,1,4,1,2,0,0,0,9,2,1,66.7
João Mário,FW,Portugal,29-333,1993,0.9,0,0,0,0,0,0,2,0,1,0,0,0,5,0,2,0.0
João Palhinha,MF,Portugal,27-162,1995,0.4,0,0,0,2,0,0,0,1,1,0,0,0,5,0,3,0.0
Joško Gvardiol,DF,Croatia,20-329,2002,7.7,0,0,0,8,6,0,1,11,6,0,0,0,48,3,5,37.5
Juan Foyth,DF,Argentina,24-340,1998,0.1,0,0,0,0,0,0,0,0,0,0,0,0,0,0,0,
Juan Pablo Vargas,DF,Costa Rica,27-195,1995,1.0,0,0,0,0,0,0,0,2,3,0,0,0,5,1,0,100.0
Jude Bellingham,MF,England,19-172,2003,4.6,0,0,0,5,5,0,4,5,15,0,0,0,31,6,9,40.0
Jules Koundé,DF,France,24-036,1998,5.3,1,0,0,5,2,0,2,5,8,0,0,0,25,5,8,38.5
Julián Álvarez,FW,Argentina,22-321,2000,5.2,0,0,0,13,2,5,3,0,2,1,0,0,21,2,10,16.7
Jung Woo-young,MF,Korea Republic,33-004,1989,3.4,2,0,0,11,0,0,1,3,4,0,1,0,24,6,2,75.0
Junior Hoilett,FW,Canada,32-196,1990,1.8,1,0,0,1,5,1,13,1,4,0,0,0,8,0,0,
Junya Ito,MF,Japan,29-284,1993,3.6,0,0,0,0,5,1,14,5,4,0,0,0,17,3,6,33.3
Jurriën Timber,DF,Netherlands,21-184,2001,4.3,1,0,0,17,4,0,1,10,6,0,0,0,30,4,3,57.1
Kai Havertz,FW,Germany,23-190,1999,1.1,0,0,0,3,0,3,2,1,1,0,0,0,3,0,2,0.0
Kalidou Koulibaly,DF,Senegal,31-181,1991,4.0,1,0,0,3,3,0,0,2,9,0,0,0,28,11,5,68.8
Kalvin Phillips,MF,England,27-016,1995,0.5,0,0,0,1,0,0,0,0,0,0,0,0,1,0,2,0.0
Kamal Miller,DF,Canada,25-216,1997,3.0,1,0,0,0,3,0,0,4,4,0,0,0,14,7,5,58.3
Kamaldeen Sulemana,FW,Ghana,20-306,2002,0.6,1,0,0,2,2,0,4,0,0,0,0,0,0,2,1,66.7
Kamil Glik,DF,Poland,34-318,1988,4.0,0,0,0,2,0,0,0,3,1,0,0,0,11,4,3,57.1
Kamil Grosicki,MF,Poland,34-193,1988,0.0,0,0,0,0,0,0,3,0,0,0,0,0,0,0,0,
Kaoru Mitoma,MF,Japan,25-212,1997,1.8,0,0,0,3,1,0,0,2,2,0,0,0,17,2,3,40.0
Karim Ansarifard,FW,IR Iran,32-259,1990,0.4,0,0,0,0,0,1,0,1,0,0,0,0,0,0,1,0.0
Karim Boudiaf,MF,Qatar,32-093,1990,2.1,1,0,0,2,1,0,0,0,1,0,0,0,12,6,7,46.2
Karl Toko Ekambi,FW,Cameroon,30-095,1992,1.8,0,0,0,0,3,0,3,2,1,0,0,0,8,1,4,20.0
Karol Świderski,FW,Poland,25-329,1997,0.5,0,0,0,0,1,0,0,2,1,0,0,0,3,1,1,50.0
Kasper Dolberg,FW,Denmark,25-073,1997,1.3,0,0,0,2,2,1,1,0,1,0,0,0,3,0,1,0.0
Kasper Schmeichel,GK,Denmark,36-043,1986,3.0,0,0,0,0,0,0,0,0,0,0,0,0,5,2,0,100.0
Keanu Baccus,MF,Australia,24-194,1998,1.3,0,0,0,4,1,0,0,2,1,0,0,0,11,1,3,25.0
Kellyn Acosta,MF,United States,27-147,1995,0.5,1,0,0,1,0,0,0,0,2,0,0,0,2,1,0,100.0
Kendall Waston,DF,Costa Rica,34-351,1988,2.5,0,0,0,1,0,0,0,5,4,0,0,0,10,4,3,57.1
Kenneth Taylor,MF,Netherlands,20-216,2002,0.1,0,0,0,0,0,0,0,0,0,0,0,0,0,0,0,
Kevin De Bruyne,FW,Belgium,31-173,1991,3.0,0,0,0,0,2,0,18,0,1,0,0,0,11,4,0,100.0
Kevin Rodríguez,FW,Ecuador,22-289,2000,0.0,0,0,0,1,0,0,0,0,0,,,0,,,,
Kevin Álvarez,DF,Mexico,23-337,1999,0.8,0,0,0,0,1,0,1,1,0,0,0,0,4,0,2,0.0
Keylor Navas,GK,Costa Rica,36-003,1986,3.0,0,0,0,0,0,0,0,1,0,0,0,0,0,0,0,
Keysher Fuller,DF,Costa Rica,28-160,1994,2.8,0,0,0,2,4,2,2,3,4,0,0,0,11,0,1,0.0
Kieffer Moore,FW,Wales,30-132,1992,2.5,0,0,0,5,4,1,0,2,0,0,0,0,7,11,6,64.7
Kieran Trippier,DF,England,32-090,1990,2.3,0,0,0,1,0,0,10,1,4,0,0,0,11,4,1,80.0
Kim Jin-su,DF,Korea Republic,30-188,1992,3.5,0,0,0,1,6,1,16,3,5,0,0,0,12,10,4,71.4
Kim Min-jae,DF,Korea Republic,26-033,1996,3.0,0,0,0,0,0,0,1,2,1,0,0,0,14,10,1,90.9
Kim Moonhwan,DF,Korea Republic,27-139,1995,4.0,0,0,0,1,0,0,15,4,4,0,0,0,16,6,3,66.7
Kim Seung-gyu,GK,Korea Republic,32-079,1990,4.0,0,0,0,0,0,0,0,2,0,0,0,0,5,0,2,0.0
Kim Young-gwon,DF,Korea Republic,32-294,1990,3.9,1,0,0,1,2,0,1,3,2,0,0,0,13,6,2,75.0
Kingsley Coman,FW,France,26-188,1996,1.9,0,0,0,1,2,0,13,2,2,0,0,0,12,2,4,33.3
Ko Itakura,DF,Japan,25-325,1997,3.0,2,0,0,5,0,0,0,4,5,0,0,0,13,0,2,0.0
Koke,MF,Spain,30-344,1992,0.6,0,0,0,0,0,0,0,0,1,0,0,0,2,0,0,
Kristijan Jakić,FW,Croatia,25-218,1997,0.0,0,0,0,0,0,0,0,0,0,0,0,0,0,0,0,
Krystian Bielik,MF,Poland,24-348,1998,2.4,0,0,0,5,4,0,0,5,3,0,1,0,10,6,4,60.0
Krzysztof Piątek,FW,Poland,27-170,1995,0.3,0,0,0,0,1,0,0,0,0,0,0,0,1,2,6,25.0
Krépin Diatta,FW,Senegal,23-296,1999,2.0,0,0,0,4,2,2,4,0,0,0,0,0,11,2,1,66.7
Kudus Mohammed,FW,Ghana,22-138,2000,2.7,1,0,0,3,5,1,6,1,4,1,0,0,22,0,4,0.0
Kwon Chang-hoon,FW,Korea Republic,28-171,1994,0.6,0,0,0,0,0,0,3,0,0,0,0,0,3,0,2,0.0
Kwon Kyung-won,DF,Korea Republic,30-321,1992,1.0,0,0,0,0,3,0,0,2,0,0,0,0,2,2,2,50.0
Kye Rowles,DF,Australia,24-177,1998,4.0,0,0,0,1,2,0,0,7,2,0,0,0,12,4,2,66.7
Kyle Walker,DF,England,32-204,1990,2.6,0,0,0,3,3,0,2,3,1,0,0,0,10,4,2,66.7
Kylian Mbappé,FW,France,23-363,1998,6.6,0,0,0,7,7,6,25,0,0,0,0,0,20,1,4,20.0
Lautaro Martínez,FW,Argentina,25-118,1997,2.7,0,0,0,1,5,5,0,1,0,0,0,0,13,6,6,50.0
Lawrence Ati-Zigi,GK,Ghana,26-019,1996,3.0,0,0,0,0,0,0,0,0,0,0,0,0,3,0,0,
Leander Dendoncker,DF,Belgium,27-247,1995,1.8,1,0,0,3,0,0,0,0,3,0,0,0,6,2,1,66.7
Leandro Paredes,MF,Argentina,28-172,1994,2.5,2,0,0,6,5,0,0,3,4,1,0,0,19,4,0,100.0
Leandro Trossard,FW,Belgium,28-014,1994,1.1,0,0,0,0,2,0,2,0,1,0,0,0,7,0,0,
Lee Jae-sung,MF,Korea Republic,30-130,1992,2.3,0,0,0,2,1,0,1,3,2,0,0,0,7,3,4,42.9
Lee Kangin,MF,Korea Republic,21-302,2001,1.6,1,0,0,2,4,0,12,0,3,0,0,0,6,0,1,0.0
Leon Goretzka,MF,Germany,27-315,1995,1.8,1,0,0,4,3,0,1,1,3,0,0,0,12,3,2,60.0
Leroy Sané,FW,Germany,26-341,1996,1.2,0,0,0,0,0,0,2,0,1,0,0,0,6,1,1,50.0
Liam Millar,DF,Canada,23-082,1999,0.1,0,0,0,1,0,0,2,0,0,0,0,0,0,0,0,
Lionel Messi,FW,Argentina,35-177,1987,7.7,1,0,0,10,22,3,20,0,3,1,0,0,22,2,7,22.2
Lisandro Martínez,DF,Argentina,24-334,1998,3.4,1,0,0,2,3,0,1,3,2,0,0,0,6,3,3,50.0
Lovro Majer,MF,Croatia,24-335,1998,1.4,0,0,0,5,3,0,8,0,1,0,0,0,10,0,0,
Loïs Openda,FW,Belgium,22-305,2000,0.1,0,0,0,0,1,0,1,0,0,0,0,0,1,0,1,0.0
Lucas Cavallini,FW,Canada,29-355,1992,0.2,0,0,0,1,0,0,1,0,0,0,0,0,0,0,1,0.0
Lucas Hernández,DF,France,26-307,1996,0.1,0,0,0,0,0,0,1,0,1,0,0,0,1,0,0,
Lucas Paquetá,MF,Brazil,25-113,1997,3.5,0,0,0,4,2,0,4,2,5,0,0,0,13,3,2,60.0
Luis Chávez,MF,Mexico,26-337,1996,3.0,0,0,0,3,8,0,19,1,0,0,0,0,15,5,5,50.0
Luis Suárez,FW,Uruguay,35-328,1987,1.6,1,0,0,0,6,1,0,0,0,0,0,0,3,2,4,33.3
Luka Jović,FW,Serbia,24-360,1997,0.4,1,0,0,1,0,0,0,1,0,0,0,0,0,1,3,25.0
Luka Modrić,MF,Croatia,37-100,1985,7.3,1,0,0,13,15,1,33,10,10,0,0,0,51,3,4,42.9
Lukas Klostermann,DF,Germany,26-198,1996,0.7,0,0,0,1,0,0,0,0,1,0,0,0,6,0,0,
Luke Shaw,DF,England,27-159,1995,4.7,0,0,0,5,4,0,22,4,1,0,0,0,21,3,9,25.0
Luuk de Jong,FW,Netherlands,32-113,1990,0.6,0,0,0,1,1,1,0,0,1,0,0,0,2,3,3,50.0
Majid Hosseini,DF,IR Iran,26-181,1996,3.0,1,0,0,4,1,1,0,6,4,0,0,0,22,6,4,60.0
Manuel Akanji,DF,Switzerland,27-152,1995,4.0,1,0,0,4,1,0,1,3,2,0,0,0,18,9,2,81.8
Manuel Neuer,GK,Germany,36-266,1986,3.0,0,0,0,0,0,0,0,0,0,0,0,0,4,0,0,
Marcelo Brozović,MF,Croatia,30-032,1992,6.1,1,0,0,12,11,0,4,4,7,0,0,0,45,6,4,60.0
Marco Asensio,FW,Spain,26-331,1996,2.5,0,0,0,3,3,0,8,0,1,0,0,0,3,0,2,0.0
Marcos Acuña,DF,Argentina,31-051,1991,4.1,3,0,0,9,9,0,17,2,8,1,0,0,16,5,7,41.7
Marcos Llorente,DF,Spain,27-322,1995,1.3,0,0,0,0,0,0,2,0,0,0,0,0,9,0,1,0.0
Marcus Rashford,FW,England,25-048,1997,1.6,0,0,0,1,0,1,1,1,0,0,0,0,8,1,3,25.0
Marcus Thuram,FW,France,25-134,1997,1.7,1,0,0,3,5,1,1,0,2,0,0,0,7,8,9,47.1
Mario Götze,MF,Germany,30-198,1992,0.4,0,0,0,0,1,0,2,0,0,0,0,0,0,0,0,
Mario Pašalić,FW,Croatia,27-312,1995,3.0,0,0,0,4,1,2,1,3,5,0,0,0,21,7,7,50.0
Mark-Anthony Kaye,MF,Canada,28-016,1994,0.7,0,0,0,1,1,0,0,0,1,0,0,0,4,0,1,0.0
Marko Grujić,MF,Serbia,26-249,1996,0.1,0,0,0,0,0,0,0,0,1,0,0,0,2,1,0,100.0
Marko Livaja,FW,Croatia,29-114,1993,2.7,0,0,0,6,3,1,1,1,2,0,0,0,10,4,5,44.4
Marquinhos,DF,Brazil,28-218,1994,4.7,1,0,0,1,2,0,1,2,4,0,0,0,28,4,4,50.0
Marten de Roon,MF,Netherlands,31-264,1991,2.0,0,0,0,3,0,0,0,2,5,0,0,0,8,4,3,57.1
Martin Braithwaite,FW,Denmark,31-196,1991,1.1,0,0,0,0,0,2,0,0,0,0,0,0,1,1,3,25.0
Martin Hongla,MF,Cameroon,24-277,1998,1.3,0,0,0,1,1,1,1,2,0,0,0,0,3,1,0,100.0
Martinelli,FW,Brazil,21-183,2001,1.3,0,0,0,2,3,1,5,0,1,0,0,0,5,0,2,0.0
Martín Cáceres,DF,Uruguay,35-255,1987,1.0,1,0,0,1,0,0,0,0,0,0,0,0,3,1,0,100.0
Mason Mount,MF,England,23-342,1999,2.1,0,0,0,7,9,0,3,0,2,1,0,0,7,0,3,0.0
Mateo Kovačić,MF,Croatia,28-226,1994,7.1,2,0,0,3,11,0,3,4,17,0,0,0,46,4,2,66.7
Matheus Nunes,MF,Portugal,24-113,1998,0.8,0,0,0,2,2,0,3,0,0,0,0,0,0,0,0,
Mathew Leckie,MF,Australia,31-317,1991,3.7,0,0,0,8,6,0,4,1,4,0,0,0,15,14,10,58.3
Mathew Ryan,GK,Australia,30-254,1992,4.0,0,0,0,0,1,0,0,0,0,0,0,0,4,0,0,
Mathias Jensen,MF,Denmark,26-351,1996,0.9,1,0,0,2,1,0,2,0,0,0,0,0,5,1,0,100.0
Mathías Olivera,DF,Uruguay,25-048,1997,2.8,1,0,0,2,3,0,6,2,5,0,0,0,15,6,4,60.0
Matt Turner,GK,United States,28-177,1994,4.0,0,0,0,0,4,0,0,0,0,0,0,0,7,0,0,
Matthias Ginter,DF,Germany,28-333,1994,0.0,0,0,0,1,0,0,0,0,0,0,0,0,0,0,1,0.0
Matthijs de Ligt,DF,Netherlands,23-128,1999,1.0,1,0,0,4,1,0,0,0,0,0,0,0,3,5,2,71.4
Matty Cash,DF,Poland,25-133,1997,4.0,2,0,0,7,3,0,9,0,3,0,0,0,10,2,1,66.7
Mattéo Guendouzi,FW,France,23-248,1999,0.9,0,0,0,0,1,0,0,0,1,0,0,0,4,1,0,100.0
Matías Vecino,MF,Uruguay,31-116,1991,2.2,0,0,0,4,0,0,1,4,3,0,0,0,18,3,3,50.0
Matías Viña,DF,Uruguay,25-039,1997,0.2,0,0,0,1,0,0,2,0,3,0,0,0,1,0,0,
Maxi Gómez,FW,Uruguay,26-126,1996,0.3,0,0,0,1,1,0,0,0,0,0,0,0,0,2,0,100.0
Maya Yoshida,DF,Japan,34-116,1988,4.3,1,0,0,3,4,0,0,3,4,0,0,0,30,10,7,58.8
Mehdi Taremi,FW,IR Iran,30-153,1992,3.0,0,0,0,5,4,1,0,2,3,0,0,0,13,5,7,41.7
Mehdi Torabi,MF,IR Iran,28-099,1994,0.7,0,0,0,0,0,0,1,2,0,0,0,0,6,0,1,0.0
Memphis,FW,Netherlands,28-308,1994,3.3,1,0,0,1,5,1,2,1,1,0,0,0,10,2,6,25.0
Meshaal Barsham,GK,Qatar,24-307,1998,2.0,0,0,0,0,0,0,0,0,0,0,0,0,1,0,1,0.0
Michael Estrada,FW,Ecuador,26-255,1996,2.5,0,0,0,6,7,2,0,0,0,0,0,0,5,13,14,48.1
Michał Skóraś,MF,Poland,22-306,2000,0.5,0,0,0,1,2,0,0,1,0,0,0,0,1,1,0,100.0
Michel Aebischer,MF,Switzerland,25-346,1997,0.2,0,0,0,0,0,0,0,0,0,0,0,0,0,1,0,100.0
Michy Batshuayi,FW,Belgium,29-077,1993,1.7,0,0,0,5,1,2,0,0,0,0,0,0,4,1,2,33.3
Miki Yamane,DF,Japan,28-361,1993,0.7,1,0,0,2,1,0,2,2,0,0,0,0,5,0,1,0.0
Mikkel Damsgaard,MF,Denmark,22-168,2000,1.7,0,0,0,2,1,1,3,2,2,0,0,0,10,0,1,0.0
Milad Mohammadi,DF,IR Iran,29-080,1993,2.2,0,0,0,2,1,0,2,1,3,0,0,0,11,3,3,50.0
Milan Borjan,GK,Canada,35-056,1987,3.0,0,0,0,0,0,0,0,0,0,0,0,0,3,0,0,
Miloš Degenek,DF,Australia,28-234,1994,2.0,2,0,0,2,8,0,1,1,4,0,0,0,15,6,1,85.7
Miloš Veljković,DF,Serbia,27-083,1995,2.5,0,0,0,1,0,0,0,0,1,0,0,0,12,2,1,66.7
Mislav Oršić,FW,Croatia,29-354,1992,1.8,0,0,0,3,0,1,4,0,3,0,0,0,4,0,0,
Mitchell Duke,FW,Australia,31-334,1991,3.0,1,0,0,6,3,1,1,2,0,0,0,0,11,11,12,47.8
Mohamed Ali Ben Romdhane,MF,Tunisia,23-103,1999,0.8,0,0,0,1,1,0,1,0,4,0,0,0,10,1,0,100.0
Mohamed Dräger,DF,Tunisia,26-176,1996,1.5,0,0,0,2,1,0,3,1,3,0,0,0,2,1,1,50.0
Mohamed Kanno,MF,Saudi Arabia,28-087,1994,3.0,0,0,0,8,3,1,0,2,2,0,0,0,19,8,9,47.1
Mohammed Al-Breik,DF,Saudi Arabia,30-094,1992,0.7,0,0,0,0,1,0,2,1,0,0,0,0,3,1,4,20.0
Mohammed Al-Owais,GK,Saudi Arabia,31-069,1991,3.0,1,0,0,0,3,0,0,0,0,0,0,0,5,2,0,100.0
Mohammed Muntari,FW,Qatar,28-363,1993,0.7,0,0,0,1,2,0,0,0,2,0,0,0,4,3,1,75.0
Mohammed Salisu,DF,Ghana,23-245,1999,3.0,0,0,0,6,1,0,0,3,1,0,1,0,15,8,8,50.0
Mohammed Waad,MF,Qatar,23-091,1999,0.3,0,0,0,1,0,0,1,1,0,0,0,0,1,0,0,
Moisés Caicedo,MF,Ecuador,21-046,2001,3.0,1,0,0,4,5,0,0,2,5,0,0,0,14,1,1,50.0
Montassar Talbi,DF,Tunisia,24-206,1998,3.0,0,0,0,4,2,0,0,2,2,0,0,0,16,8,9,47.1
Morteza Pouraliganji,DF,IR Iran,30-243,1992,3.0,1,0,0,5,1,0,2,6,2,1,0,0,16,9,6,60.0
Moumi Ngamaleu,FW,Cameroon,28-162,1994,1.1,0,0,0,3,5,0,1,0,1,0,0,0,5,0,2,0.0
Munir,GK,Morocco,33-222,1989,1.0,0,0,0,0,0,0,0,0,0,0,0,0,1,0,1,0.0
Musab Kheder,DF,Qatar,29-083,1993,0.1,0,0,0,0,1,0,0,0,1,0,0,0,0,0,0,
Na Sang-ho,FW,Korea Republic,26-128,1996,1.3,0,0,0,2,0,0,8,0,1,0,0,0,5,3,3,50.0
Nader Ghandri,DF,Tunisia,27-303,1995,1.0,0,0,0,0,1,1,0,1,2,0,0,0,2,2,1,66.7
Nahuel Molina,DF,Argentina,24-256,1998,6.3,0,0,0,3,0,1,6,3,4,0,0,0,23,0,6,0.0
Nampalys Mendy,MF,Senegal,30-178,1992,3.0,1,0,0,5,2,0,2,3,4,0,0,0,18,0,1,0.0
Nasser Al-Dawsari,FW,Saudi Arabia,23-364,1998,0.1,0,0,0,1,0,0,1,0,1,0,0,0,1,0,0,
Nathan Aké,DF,Netherlands,27-303,1995,5.3,1,0,0,4,6,0,0,8,3,0,0,0,21,10,12,45.5
Nathaniel Atkinson,DF,Australia,23-188,1999,0.9,0,0,0,0,0,0,0,1,3,0,0,0,6,0,0,
Nawaf Al Abed,MF,Saudi Arabia,32-326,1990,1.0,1,0,0,2,2,0,2,1,0,0,0,0,2,0,1,0.0
Nayef Aguerd,DF,Morocco,26-263,1996,3.9,0,0,0,2,0,1,0,4,2,0,0,1,18,5,2,71.4
Naïm Sliti,MF,Tunisia,30-144,1992,1.3,0,0,0,0,3,2,13,0,1,0,0,0,8,1,1,50.0
Neco Williams,DF,Wales,21-249,2001,2.3,0,0,0,3,5,0,5,4,3,0,0,0,16,2,1,66.7
Nemanja Gudelj,MF,Serbia,31-032,1991,1.0,2,0,0,3,0,0,0,2,2,0,0,0,6,1,1,50.0
Nemanja Maksimović,MF,Serbia,27-326,1995,1.4,0,0,0,0,1,0,2,3,2,0,0,0,6,0,3,0.0
Nemanja Radonjić,DF,Serbia,26-306,1996,0.7,0,0,0,0,2,0,6,0,0,0,0,0,6,0,1,0.0
Neymar,MF,Brazil,30-316,1992,3.1,0,0,0,4,16,2,8,1,0,0,0,0,11,0,3,0.0
Niclas Füllkrug,FW,Germany,29-312,1993,0.8,0,0,0,0,1,0,0,0,0,0,0,0,2,4,5,44.4
Nico Elvedi,DF,Switzerland,26-079,1996,2.0,1,0,0,3,1,0,0,1,0,0,0,0,15,2,3,40.0
Nico Schlotterbeck,DF,Germany,23-017,1999,1.0,0,0,0,1,1,0,0,1,3,0,0,0,10,2,0,100.0
Nico Williams,FW,Spain,20-159,2002,1.6,0,0,0,0,1,1,6,0,2,0,0,0,7,1,2,33.3
Nicola Zalewski,MF,Poland,20-329,2002,0.7,0,0,0,1,2,0,1,0,0,0,0,0,5,0,1,0.0
Nicolas Jackson,FW,Senegal,21-181,2001,0.2,0,0,0,1,0,0,0,0,0,0,0,0,3,0,2,0.0
Nicolas Nkoulou,DF,Cameroon,32-266,1990,2.0,1,0,0,2,2,0,0,5,0,0,0,0,11,2,4,33.3
Nicolás De La Cruz,MF,Uruguay,25-200,1997,0.4,0,0,0,0,2,0,1,0,0,0,0,0,4,0,1,0.0
Nicolás Otamendi,DF,Argentina,34-309,1988,7.7,2,0,0,13,5,1,0,9,6,0,1,0,39,21,13,61.8
Nicolás Tagliafico,DF,Argentina,30-109,1992,4.1,0,0,0,6,6,1,1,9,7,0,0,0,12,4,1,80.0
Niklas Süle,DF,Germany,27-106,1995,3.0,0,0,0,0,2,0,1,0,4,0,0,0,17,6,3,66.7
Nikola Milenković,DF,Serbia,25-067,1997,3.0,2,0,0,8,2,0,1,6,5,0,0,0,18,6,2,75.0
Nikola Vlašić,FW,Croatia,25-075,1997,2.3,0,0,0,4,6,0,4,1,1,0,0,0,10,2,6,25.0
Noa Lang,MF,Netherlands,23-184,1999,0.1,1,0,0,0,0,0,1,1,0,0,0,0,1,0,0,
Noah Okafor,FW,Switzerland,22-208,2000,0.5,0,0,0,2,1,1,0,0,0,0,0,0,4,0,0,
Nouhou Tolo,DF,Cameroon,25-178,1997,3.0,1,0,0,3,1,0,7,6,5,0,0,0,17,4,3,57.1
Noussair Mazraoui,DF,Morocco,25-034,1997,4.1,0,0,0,3,1,1,2,1,9,0,0,0,21,1,3,25.0
Nuno Mendes,DF,Portugal,20-182,2002,0.5,0,0,0,0,2,0,2,2,0,0,0,0,2,1,0,100.0
Néstor Araujo,DF,Mexico,31-111,1991,1.0,1,0,0,2,0,0,2,3,1,0,0,0,6,0,0,
Olivier Giroud,FW,France,36-079,1986,4.7,1,0,0,2,4,3,0,1,0,0,0,0,7,19,13,59.4
Olivier Ntcham,MF,Cameroon,26-312,1996,0.3,0,0,0,0,0,0,0,0,0,0,0,0,1,0,0,
Orbelín Pineda,MF,Mexico,26-269,1996,0.8,0,0,0,2,4,0,0,0,3,0,0,0,4,0,2,0.0
Osman Bukari,MF,Ghana,24-005,1998,0.7,0,0,0,1,1,0,1,1,0,0,0,0,2,1,2,33.3
Otávio,MF,Portugal,27-312,1995,2.2,0,0,0,6,10,0,5,1,7,0,0,0,16,1,1,50.0
Ousmane Dembélé,FW,France,25-217,1997,4.8,1,0,0,6,3,2,19,3,6,0,1,0,26,2,1,66.7
Pablo Sarabia,FW,Spain,30-221,1992,0.0,0,0,0,0,0,0,3,0,0,0,0,0,0,0,0,
Paik Seung-ho,MF,Korea Republic,25-276,1997,0.3,0,0,0,1,0,0,0,0,2,0,0,0,4,1,0,100.0
Pape Abou Cissé,DF,Senegal,27-095,1995,1.2,0,0,0,1,0,0,0,2,0,0,0,0,2,2,3,40.0
Pape Gueye,MF,Senegal,23-328,1999,1.7,0,0,0,3,3,0,1,2,2,0,0,0,5,5,3,62.5
Pape Matar Sarr,MF,Senegal,20-095,2002,0.7,0,0,0,0,1,0,5,0,2,0,0,0,3,1,0,100.0
Papu Gómez,MF,Argentina,34-306,1988,1.2,0,0,0,1,5,1,1,1,0,0,0,0,6,1,0,100.0
Pathé Ciss,MF,Senegal,28-277,1994,1.6,1,0,0,4,0,0,0,2,3,0,0,0,10,5,0,100.0
Pau Torres,DF,Spain,25-336,1997,1.0,0,0,0,1,0,0,0,0,0,0,0,0,6,1,1,50.0
Paulo Dybala,FW,Argentina,29-033,1993,0.2,0,0,0,1,0,0,0,0,1,0,0,0,1,3,1,75.0
Pedri,MF,Spain,20-023,2002,4.0,0,0,0,2,3,0,2,4,2,0,0,0,27,2,0,100.0
Pedro,FW,Brazil,25-181,1997,0.7,0,0,0,2,1,0,0,1,2,0,0,0,2,0,1,0.0
Pepe,DF,Portugal,39-295,1983,4.0,0,0,0,3,5,1,1,6,0,0,0,0,28,9,5,64.3
Pervis Estupiñán,DF,Ecuador,24-331,1998,3.0,0,0,0,8,3,2,19,3,3,0,0,0,21,3,3,50.0
Phil Foden,FW,England,22-204,2000,2.9,0,0,0,2,4,0,14,1,1,0,0,0,9,3,5,37.5
Piero Hincapié,DF,Ecuador,20-343,2002,3.0,0,0,0,5,1,0,1,2,4,0,1,0,13,5,3,62.5
Pierre Højbjerg,MF,Denmark,27-135,1995,3.0,0,0,0,0,1,0,1,3,2,0,0,0,26,1,0,100.0
Pierre Kunde,MF,Cameroon,27-145,1995,1.5,1,0,0,3,1,0,4,4,2,0,0,0,13,1,0,100.0
Piotr Zieliński,MF,Poland,28-212,1994,3.6,0,0,0,4,2,0,16,1,5,0,0,0,17,0,2,0.0
Przemysław Frankowski,MF,Poland,27-250,1995,2.7,1,0,0,1,5,0,8,3,4,0,0,0,12,1,1,50.0
Rafael Leão,FW,Portugal,23-191,1999,1.0,0,0,0,3,1,0,6,1,0,0,0,0,5,1,0,100.0
Raheem Sterling,FW,England,28-010,1994,1.7,0,0,0,0,2,1,2,1,1,0,0,0,8,1,1,50.0
Ramin Rezaeian,DF,IR Iran,32-272,1990,2.0,1,0,0,2,3,0,11,3,5,0,0,0,22,1,6,14.3
Randal Kolo Muani,FW,France,24-013,1998,2.0,0,0,0,4,5,0,1,1,5,1,0,0,9,9,5,64.3
Raphaël Guerreiro,DF,Portugal,28-361,1993,3.1,0,0,0,2,1,0,13,3,2,0,0,0,17,2,1,66.7
Raphaël Varane,DF,France,29-237,1993,5.8,0,0,0,1,1,1,1,6,0,0,0,0,17,4,5,44.4
Raphinha,FW,Brazil,26-004,1996,3.5,0,0,0,2,5,0,22,3,6,0,0,0,11,0,6,0.0
Rasmus Nissen,DF,Denmark,25-160,1997,2.5,1,0,0,2,1,0,7,1,7,0,0,0,15,3,1,75.0
Raúl Jiménez,FW,Mexico,31-227,1991,0.7,0,0,0,1,1,0,2,1,0,0,0,0,2,3,0,100.0
Remo Freuler,MF,Switzerland,30-247,1992,3.6,0,0,0,6,2,0,0,3,5,0,0,0,19,1,4,20.0
Renato Steffen,FW,Switzerland,31-045,1991,0.4,0,0,0,0,1,1,0,0,0,0,0,0,5,0,1,0.0
Ricardo Horta,FW,Portugal,28-094,1994,1.3,0,0,0,3,1,0,5,1,1,0,0,0,6,0,1,0.0
Ricardo Rodríguez,DF,Switzerland,30-115,1992,4.0,0,0,0,6,2,0,12,0,2,0,0,0,16,10,2,83.3
Richarlison,FW,Brazil,25-222,1997,3.6,0,0,0,5,6,1,2,1,2,1,0,0,13,4,8,33.3
Richie Laryea,DF,Canada,27-345,1995,1.8,0,0,0,1,2,2,1,0,1,0,0,0,11,0,1,0.0
Riley McGree,FW,Australia,24-046,1998,2.9,0,0,0,9,2,0,5,5,1,0,0,0,11,1,2,33.3
Ritsu Doan,FW,Japan,24-185,1998,2.4,0,0,0,3,4,0,9,3,5,0,0,0,11,1,4,20.0
Riyadh Sharahili,MF,Saudi Arabia,29-234,1993,0.6,0,0,0,4,0,0,0,2,0,0,0,0,3,1,1,50.0
Roan Wilson,MF,Costa Rica,20-231,2002,0.0,0,0,0,0,0,0,0,0,0,0,0,0,1,0,0,
Robert Lewandowski,FW,Poland,34-119,1988,4.0,0,0,0,6,9,0,3,1,2,1,0,0,14,16,17,48.5
Robert Skov,DF,Denmark,26-212,1996,0.2,1,0,0,1,0,0,5,0,0,0,0,0,2,0,1,0.0
Roberto Alvarado,FW,Mexico,24-102,1998,0.2,1,0,0,1,0,0,2,0,0,0,0,0,0,1,0,100.0
Rodri,DF,Spain,26-179,1996,4.3,0,0,0,5,1,0,2,3,2,0,0,0,35,16,5,76.2
Rodrigo Bentancur,MF,Uruguay,25-176,1997,2.4,1,0,0,5,3,0,2,7,8,0,0,0,35,6,3,66.7
Rodrigo De Paul,MF,Argentina,28-208,1994,6.7,0,0,0,7,15,0,12,7,6,0,0,0,42,2,3,40.0
Rodrygo,MF,Brazil,21-343,2001,2.0,0,0,0,3,6,1,9,2,1,0,0,0,11,0,3,0.0
Rogelio Funes Mori,FW,Mexico,31-288,1991,0.1,0,0,0,2,1,0,0,0,0,0,0,0,0,0,0,
Romain Saïss,DF,Morocco,32-267,1990,5.2,1,0,0,4,0,2,1,3,2,0,0,0,28,7,0,100.0
Romario Ibarra,MF,Ecuador,28-085,1994,0.8,0,0,0,0,0,0,0,1,0,0,0,0,3,0,1,0.0
Romelu Lukaku,FW,Belgium,29-219,1993,0.6,0,0,0,1,0,0,0,0,0,0,0,0,1,1,0,100.0
Roozbeh Cheshmi,DF,IR Iran,29-147,1993,0.6,0,0,0,1,0,0,0,2,0,0,0,0,4,1,2,33.3
Ruben Vargas,FW,Switzerland,24-135,1998,3.2,1,0,0,4,2,1,15,1,0,0,0,0,11,3,6,33.3
Rubin Colwill,MF,Wales,20-235,2002,0.1,0,0,0,0,0,0,0,0,0,0,0,0,1,0,0,
Ró-Ró,DF,Qatar,32-134,1990,2.9,0,0,0,4,5,0,3,8,4,0,0,0,14,3,2,60.0
Rónald Matarrita,DF,Costa Rica,28-162,1994,0.3,0,0,0,1,1,0,3,0,0,0,0,0,4,0,0,
Rúben Dias,DF,Portugal,25-218,1997,4.0,1,0,0,4,2,0,0,3,4,0,0,0,15,5,3,62.5
Rúben Neves,MF,Portugal,25-280,1997,3.0,1,0,0,5,2,0,2,3,1,0,0,0,12,2,3,40.0
Saad Al Sheeb,GK,Qatar,32-302,1990,1.0,1,0,0,1,1,0,0,0,0,0,1,0,3,1,0,100.0
Sadegh Moharrami,DF,IR Iran,26-292,1996,1.0,0,0,0,2,0,0,3,1,1,0,0,0,6,1,2,33.3
Saeid Ezatolahi,MF,IR Iran,26-078,1996,2.4,0,0,0,2,5,0,4,2,1,0,0,0,17,6,4,60.0
Saleh Al-Shehri,FW,Saudi Arabia,29-047,1993,2.5,1,0,0,6,5,0,1,0,1,1,0,0,7,6,7,46.2
Salem Al-Dawsari,MF,Saudi Arabia,31-121,1991,3.0,1,0,0,3,3,0,3,1,4,0,0,0,16,1,1,50.0
Salis Abdul Samed,MF,Ghana,22-267,2000,2.8,0,0,0,5,2,0,2,4,2,0,0,0,15,0,3,0.0
Salman Al-Faraj,MF,Saudi Arabia,33-139,1989,0.5,0,0,0,0,0,0,1,0,0,0,0,0,1,0,0,
Sam Adekugbe,DF,Canada,27-336,1995,1.1,1,0,0,1,0,0,5,1,0,0,0,0,3,2,0,100.0
Saman Ghoddos,MF,IR Iran,29-103,1993,0.5,0,0,0,1,0,0,2,0,0,0,0,0,1,0,1,0.0
Sami Al-Najei,MF,Saudi Arabia,25-314,1997,0.5,0,0,0,0,0,0,5,0,0,0,0,0,2,0,1,0.0
Samuel Oum Gouet,MF,Cameroon,25-005,1997,1.1,0,0,0,0,1,0,1,0,1,0,0,0,10,1,0,100.0
Sardar Azmoun,FW,IR Iran,27-351,1995,1.4,0,0,0,1,1,1,0,0,0,0,0,0,3,4,5,44.4
Saud Abdulhamid,DF,Saudi Arabia,23-153,1999,3.0,1,0,0,7,5,0,9,2,2,0,1,0,14,4,6,40.0
Saša Lukić,MF,Serbia,26-127,1996,2.7,2,0,0,7,1,0,1,1,0,0,0,0,19,3,3,50.0
Sebastian Szymański,MF,Poland,23-222,1999,1.5,0,0,0,1,3,0,3,2,3,0,0,0,6,1,5,16.7
Sebastián Coates,DF,Uruguay,32-072,1990,2.0,1,0,0,2,0,0,0,1,0,0,0,0,9,7,0,100.0
Selim Amallah,MF,Morocco,26-033,1996,4.5,1,0,0,11,8,0,2,8,9,0,0,0,12,2,9,18.2
Serge Gnabry,FW,Germany,27-157,1995,2.9,0,0,0,2,2,3,7,2,2,0,0,0,11,0,2,0.0
Sergej Milinković-Savić,MF,Serbia,27-294,1995,2.6,1,0,0,2,4,0,1,2,1,0,0,0,18,3,3,50.0
Sergio Busquets,MF,Spain,34-155,1988,4.0,1,0,0,3,3,0,0,1,4,0,0,0,28,8,5,61.5
Sergio Rochet,GK,Uruguay,29-270,1993,3.0,0,0,0,1,0,0,0,0,0,0,1,0,2,1,0,100.0
Sergiño Dest,DF,United States,22-045,2000,3.4,1,0,0,4,2,0,9,2,2,0,0,0,13,1,3,25.0
Shaquell Moore,DF,United States,26-046,1996,0.2,0,0,0,3,0,0,0,0,2,0,0,0,2,1,0,100.0
Shogo Taniguchi,DF,Japan,31-156,1991,2.3,1,0,0,3,0,0,0,1,0,0,0,0,8,8,3,72.7
Shūichi Gonda,GK,Japan,33-290,1989,4.3,0,0,0,1,0,0,0,0,0,0,1,0,1,1,0,100.0
Silvan Widmer,DF,Switzerland,29-288,1993,2.9,1,0,0,4,2,0,2,2,6,0,0,0,13,3,1,75.0
Simon Kjær,DF,Denmark,33-267,1989,0.7,0,0,0,0,0,0,0,5,0,0,0,0,6,3,1,75.0
Sofiane Boufal,FW,Morocco,29-092,1993,5.3,1,0,0,11,14,2,7,2,5,0,0,0,20,3,7,30.0
Sofyan Amrabat,MF,Morocco,26-119,1996,7.3,1,0,0,14,6,1,2,6,10,0,0,0,57,2,3,40.0
Son Heung-min,FW,Korea Republic,30-163,1992,4.0,0,0,0,1,6,2,21,2,2,0,0,0,16,0,2,0.0
Son Jun-ho,MF,Korea Republic,30-220,1992,0.8,0,0,0,5,0,0,0,3,3,0,0,0,9,0,1,0.0
Sorba Thomas,MF,Wales,23-118,1999,0.0,0,0,0,0,0,0,1,0,1,0,0,0,1,0,0,
Srđan Babić,DF,Serbia,26-240,1996,0.1,0,0,0,0,0,0,0,0,0,0,0,0,1,0,0,
Stefan Mitrović,DF,Serbia,32-210,1990,0.4,0,0,0,0,0,0,0,0,0,0,0,0,1,0,2,0.0
Stephen Eustáquio,MF,Canada,25-362,1996,1.4,0,0,0,1,1,0,1,2,2,0,0,0,10,1,1,50.0
Steve Mandanda,GK,France,37-265,1985,1.0,0,0,0,0,0,0,0,0,0,0,0,0,1,0,0,
Steven Berghuis,MF,Netherlands,30-364,1991,2.2,1,0,0,4,0,0,13,0,1,0,0,0,8,1,2,33.3
Steven Bergwijn,FW,Netherlands,25-071,1997,2.4,1,0,0,2,4,0,0,0,1,0,0,0,4,0,0,
Steven Vitória,DF,Canada,35-341,1987,3.0,1,0,0,6,5,0,0,0,3,0,0,0,18,4,2,66.7
Strahinja Pavlović,DF,Serbia,21-208,2001,2.6,2,0,0,6,4,0,1,1,2,0,0,0,18,12,2,85.7
Sultan Al-Ghanam,DF,Saudi Arabia,28-226,1994,1.4,0,0,0,2,0,1,7,2,0,0,0,0,4,0,0,
Taha Yassine Khenissi,FW,Tunisia,30-346,1992,0.3,1,0,0,3,1,0,0,0,0,0,0,0,0,1,2,33.3
Tajon Buchanan,MF,Canada,23-313,1999,2.9,1,0,0,6,6,2,8,3,1,0,0,0,14,1,2,33.3
Takefusa Kubo,FW,Japan,21-197,2001,1.0,0,0,0,2,2,1,0,0,1,0,0,0,4,1,1,50.0
Takehiro Tomiyasu,DF,Japan,24-043,1998,2.1,0,0,0,1,0,0,0,0,0,0,0,0,12,6,4,60.0
Takuma Asano,FW,Japan,28-038,1994,1.8,0,0,0,4,0,2,1,1,0,0,0,0,8,1,9,10.0
Takumi Minamino,FW,Japan,27-336,1995,0.7,0,0,0,1,0,0,3,0,1,0,0,0,4,0,2,0.0
Tarek Salman,DF,Qatar,25-013,1997,0.1,0,0,0,0,0,0,1,1,0,0,0,0,1,0,0,
Tariq Lamptey,DF,Ghana,22-079,2000,1.1,1,0,0,3,2,0,3,1,1,0,0,0,8,0,1,0.0
Teun Koopmeiners,MF,Netherlands,24-293,1998,2.4,1,0,0,6,1,0,2,4,5,0,0,0,12,4,3,57.1
Theo Hernández,DF,France,25-073,1997,5.6,1,0,0,6,13,0,13,4,13,0,1,0,30,8,4,66.7
Thiago Almada,MF,Argentina,21-236,2001,0.1,0,0,0,0,0,0,0,0,0,0,0,0,0,0,0,
Thiago Silva,DF,Brazil,38-087,1984,4.3,0,0,0,2,3,0,1,5,1,0,0,0,17,6,4,60.0
Thibaut Courtois,GK,Belgium,30-221,1992,3.0,0,0,0,0,0,0,0,0,0,0,0,0,2,0,0,
Thilo Kehrer,DF,Germany,26-088,1996,0.8,1,0,0,3,0,0,0,3,2,0,0,0,3,0,0,
Thomas Delaney,MF,Denmark,31-106,1991,0.5,0,0,0,0,0,0,1,0,1,0,0,0,2,2,1,66.7
Thomas Meunier,DF,Belgium,31-097,1991,2.3,1,0,0,4,1,0,6,2,6,0,0,0,13,2,3,40.0
Thomas Müller,FW,Germany,33-096,1989,2.2,0,0,0,0,1,2,5,1,2,0,0,0,1,1,7,12.5
Thomas Partey,MF,Ghana,29-188,1993,3.0,0,0,0,3,2,0,1,0,5,0,0,0,21,6,3,66.7
Thorgan Hazard,FW,Belgium,29-264,1993,1.2,0,0,0,2,2,1,9,0,2,0,0,0,6,0,3,0.0
Tim Ream,DF,United States,35-074,1987,4.0,1,0,0,1,2,0,0,4,3,0,0,0,19,6,8,42.9
Timothy Castagne,DF,Belgium,27-013,1995,3.0,0,0,0,3,1,0,3,2,4,0,0,0,9,2,3,40.0
Timothy Weah,FW,United States,22-299,2000,3.5,0,0,0,1,1,2,8,0,0,0,0,0,10,2,3,40.0
Toby Alderweireld,DF,Belgium,33-291,1989,3.0,0,0,0,0,0,0,2,0,2,0,0,0,9,1,2,33.3
Trent Alexander-Arnold,DF,England,24-072,1998,0.4,0,0,0,1,0,0,0,0,0,0,0,0,1,0,0,
Tyler Adams,MF,United States,23-307,1999,4.0,1,0,0,5,5,0,2,4,9,0,0,0,33,5,2,71.4
Unai Simón,GK,Spain,25-190,1997,4.3,0,0,0,0,0,0,0,0,0,0,0,0,11,2,0,100.0
Uriel Antuna,FW,Mexico,25-119,1997,0.9,0,0,0,0,1,2,7,0,3,0,0,0,1,0,2,0.0
Vanja Milinković-Savić,GK,Serbia,25-301,1997,3.0,0,0,0,0,0,0,0,1,0,0,0,0,5,1,0,100.0
Victor Nelsson,DF,Denmark,24-065,1998,1.0,0,0,0,0,2,0,0,2,0,0,0,0,3,4,3,57.1
Vincent Aboubakar,FW,Cameroon,30-330,1992,1.6,2,1,1,3,2,0,0,0,0,0,0,0,3,2,3,40.0
Vincent Janssen,FW,Netherlands,28-186,1994,1.0,0,0,0,2,2,0,0,0,0,0,0,0,2,1,1,50.0
Vinicius Júnior,FW,Brazil,22-159,2000,3.3,0,0,0,0,7,3,12,0,1,0,0,0,12,0,0,
Virgil van Dijk,DF,Netherlands,31-163,1991,5.3,0,0,0,5,2,0,0,4,1,0,0,0,31,13,8,61.9
Vitinha,MF,Portugal,22-308,2000,1.3,1,0,0,1,3,0,2,1,2,0,0,0,4,0,1,0.0
Wahbi Khazri,FW,Tunisia,31-313,1991,0.9,0,0,0,1,2,2,2,0,0,0,0,0,5,0,0,
Wajdi Kechrida,DF,Tunisia,27-043,1995,1.2,1,0,0,2,0,0,5,0,3,0,0,0,6,1,2,33.3
Walid Cheddira,FW,Morocco,24-330,1998,0.7,2,1,1,5,0,2,0,0,0,0,0,0,0,2,2,50.0
Walker Zimmerman,DF,United States,29-213,1993,3.1,0,0,0,3,0,0,0,4,2,0,1,0,17,8,5,61.5
Wataru Endo,MF,Japan,29-312,1993,3.4,1,0,0,7,9,0,2,3,4,0,0,0,22,8,8,50.0
Wayne Hennessey,GK,Wales,35-328,1987,1.9,0,1,0,1,0,0,0,0,0,0,0,0,0,1,0,100.0
Weston McKennie,MF,United States,24-112,1998,3.0,1,0,0,6,2,0,1,0,1,0,0,0,14,3,3,50.0
William Carvalho,MF,Portugal,30-255,1992,2.4,0,0,0,3,2,0,0,0,5,0,0,0,15,4,0,100.0
William Saliba,DF,France,21-269,2001,0.3,0,0,0,0,1,0,0,0,0,0,0,0,3,0,0,
Wojciech Szczęsny,GK,Poland,32-244,1990,4.0,0,0,0,1,1,0,0,0,0,0,1,0,4,2,0,100.0
Wout Weghorst,FW,Netherlands,30-133,1992,0.7,1,0,0,5,1,1,0,0,0,0,0,0,2,2,2,50.0
Wéverton,GK,Brazil,35-005,1987,0.1,0,0,0,0,0,0,0,0,0,0,0,0,0,0,0,
Xavi Simons,FW,Netherlands,19-241,2003,0.1,0,0,0,0,1,0,0,0,0,0,0,0,0,1,0,100.0
Xherdan Shaqiri,FW,Switzerland,31-069,1991,2.5,0,0,0,2,6,0,15,0,0,0,0,0,6,1,4,20.0
Yahya Attiat Allah,DF,Morocco,27-291,1995,3.5,0,0,0,8,3,0,8,0,2,0,0,0,21,0,7,0.0
Yahya Jabrane,MF,Morocco,31-183,1991,0.2,0,0,0,0,0,0,0,0,0,,,0,,,,
Yann Sommer,GK,Switzerland,34-001,1988,3.0,0,0,0,0,0,0,0,0,0,0,0,0,5,0,1,0.0
Yannick Carrasco,FW,Belgium,29-105,1993,1.3,1,0,0,1,2,0,2,1,4,0,1,0,8,0,0,
Yasser Al-Shahrani,DF,Saudi Arabia,30-207,1992,1.0,0,0,0,1,0,0,1,6,1,0,0,0,5,0,0,
Yassine Bounou,GK,Morocco,31-257,1991,6.3,0,0,0,0,1,0,0,0,0,0,0,0,7,1,0,100.0
Yassine Meriah,DF,Tunisia,29-169,1993,3.0,0,0,0,3,1,0,2,1,2,0,0,0,16,5,6,45.5
Yeltsin Tejeda,MF,Costa Rica,30-276,1992,3.0,0,0,0,0,2,0,0,1,2,0,0,0,14,4,2,66.7
Youri Tielemans,MF,Belgium,25-225,1997,1.1,0,0,0,2,1,0,1,2,1,0,0,0,9,2,1,66.7
Youssef En-Nesyri,FW,Morocco,25-200,1997,6.0,0,0,0,2,4,4,0,1,2,0,0,0,13,21,14,60.0
Youssef Msakni,MF,Tunisia,32-051,1990,1.9,0,0,0,0,4,0,2,0,1,0,0,0,9,3,6,33.3
Youssouf Fofana,MF,France,23-342,1999,2.5,0,0,0,3,1,0,0,3,5,0,0,0,17,1,1,50.0
Youssouf Sabaly,DF,Senegal,29-288,1993,4.0,0,0,0,3,12,0,7,4,6,0,0,0,27,4,3,57.1
Youssoufa Moukoko,FW,Germany,18-028,2004,0.0,0,0,0,0,0,0,1,0,0,0,0,0,1,0,0,
Youstin Salas,DF,Costa Rica,26-184,1996,0.5,0,0,0,0,0,0,0,0,1,0,0,0,5,1,0,100.0
Yuki Soma,FW,Japan,25-296,1997,0.9,0,0,0,2,3,0,6,0,0,0,0,0,2,0,0,
Yunus Musah,MF,United States,20-019,2002,3.8,0,0,0,9,3,0,8,2,6,0,0,0,23,3,3,50.0
Yuto Nagatomo,MF,Japan,36-097,1986,2.3,0,0,0,6,0,0,6,0,2,0,0,0,11,1,2,33.3
Zakaria Aboukhlal,FW,Morocco,22-303,2000,0.9,0,0,0,1,0,2,1,1,1,0,0,0,3,2,0,100.0
Álvaro Morata,FW,Spain,30-056,1992,2.1,0,0,0,1,2,5,0,0,1,0,0,0,2,1,0,100.0
Álvaro Zamora,MF,Costa Rica,20-284,2002,0.3,0,0,0,0,0,1,0,1,0,0,0,0,1,0,1,0.0
Ángel Correa,MF,Argentina,27-284,1995,0.1,0,0,0,0,1,0,0,0,1,0,0,0,0,0,0,
Ángel Di María,MF,Argentina,34-307,1988,3.2,0,0,0,0,7,5,27,1,1,1,0,0,7,0,1,0.0
Ángelo Preciado,DF,Ecuador,24-303,1998,2.9,0,0,0,8,2,0,8,6,5,0,0,0,10,3,2,60.0
Éder Militão,DF,Brazil,24-334,1998,3.9,1,0,0,7,3,0,3,3,6,0,0,0,29,4,5,44.4
Óscar Duarte,DF,Costa Rica,33-198,1989,3.0,1,0,0,1,0,0,0,6,2,0,1,0,9,2,3,40.0
İlkay Gündoğan,MF,Germany,32-055,1990,2.1,0,0,0,3,2,1,1,1,1,0,0,0,18,3,2,60.0
